1;2;9 DE JULIO;6;3;2017;PAI PLUS 3;170;1
2;1;9 DE JULIO;1;3;2017;MANUAL DE DERECHO DEL TRABAJO Y DE LA SEGURIDAD SO;890;1
2;1;9 DE JULIO;1;3;2017;DICCIONARIO INICIAL;001;1
2;1;9 DE JULIO;1;3;2017;MI LUGAR EN 3;370;1
2;1;9 DE JULIO;1;3;2017;LIBRO DEL MAESTRO Y LA FAMILIA;290;1
2;1;9 DE JULIO;1;3;2017;ESCRITOS LATINAMERICANOS;350;1
2;1;9 DE JULIO;1;3;2017;LENGUA PRACTICA DEL LENGUAJE 6 - NODOS;350;1
2;1;9 DE JULIO;1;3;2017;BICIENCIAS 6 - EN MOVIMIENTO;410;1
2;1;9 DE JULIO;1;3;2017;DIEZ EN UN BARCO;170;1
2;1;9 DE JULIO;1;3;2017;SMARTY 6;340;1
2;1;9 DE JULIO;1;3;2017;ENTRE LETRAS 4;200;1
2;1;9 DE JULIO;1;3;2017;TODOS JUNTOS 2;390;1
2;1;9 DE JULIO;1;3;2017;HOLA SOY BAMBU 2;500;1
2;1;9 DE JULIO;1;3;2017;DICCIONARIO SANTILLANA;120;1
2;1;9 DE JULIO;1;3;2017;DISNEY ME READER PRINCESAS;790;1
2;1;9 DE JULIO;1;3;2017;FILOSOFIA EN EL TOCADOR;100;1
2;1;9 DE JULIO;1;3;2017;METAMORFOSIS LA;100;1
2;1;9 DE JULIO;1;3;2017;EL LOBO ESTEPARIO;120;1
2;1;9 DE JULIO;1;3;2017;VEINTE MIL LEGUAS DE VIAJE SUBMARINO;150;1
2;1;9 DE JULIO;1;3;2017;SABUESO DE BASKERVILLE EL;100;1
2;1;9 DE JULIO;1;3;2017;LLAMADA DE LA SELVA LA;80;1
2;1;9 DE JULIO;1;3;2017;DEMIAN;100;1
2;1;9 DE JULIO;1;3;2017;LAZARILLO DE TORMES EL (COLECCION NOGAL);100;1
2;1;9 DE JULIO;1;3;2017;HOMBRECITOS;100;1
2;1;9 DE JULIO;1;3;2017;ORGULLO Y PREJUICIO;100;1
2;1;9 DE JULIO;1;3;2017;LOBO DE MAR;120;1
2;1;9 DE JULIO;1;3;2017;CABALLO CELOSO EL;85;1
2;1;9 DE JULIO;1;3;2017;HERMANOS NO SON CUENTO LOS;85;1
2;1;9 DE JULIO;1;3;2017;COPLAS A LA MUERTE DE SU PADRE;110;1
2;1;9 DE JULIO;1;3;2017;PUÑAL EL;215;1
2;1;9 DE JULIO;1;3;2017;SAPOS DE LA MEMORIA LOS;190;1
2;1;9 DE JULIO;1;3;2017;MANUAL GRIEGO CLASICO - ESPAÑOL - DICCIONARIO BILI;760;1
2;1;9 DE JULIO;1;3;2017;DICCIONARIO ILUSTRADO - LATINO-ESPAÑOL/ESP-LAT;890;1
2;1;9 DE JULIO;1;3;2017;ULILULI 3 LOS;500;1
2;1;9 DE JULIO;1;3;2017;ESCUELA DE CATEQUESIS 3 - DANOS SEÑOR TU PERDON Y;210;1
2;1;9 DE JULIO;1;3;2017;CODIGO PROCESAL CIVIL Y COMERCIAL - CHACO;180;1
2;1;9 DE JULIO;1;3;2017;PEQUEÑOS ARTISTAS 1;200;1
2;1;9 DE JULIO;1;3;2017;NEW TREETOPS 1;450;1
2;1;9 DE JULIO;2;3;2017;ULILULI 3 LOS;500;1
2;1;9 DE JULIO;2;3;2017;MUJERES QUE CORREN CON LOBOS;340;1
2;1;9 DE JULIO;2;3;2017;NOCHE DE TORMENTA;230;1
2;1;9 DE JULIO;2;3;2017;MI LUGAR EN 3;420;1
2;1;9 DE JULIO;2;3;2017;RUPERTO AL RESCATE;170;1
2;1;9 DE JULIO;2;3;2017;DICCIONARIO INICIAL;001;1
2;1;9 DE JULIO;2;3;2017;VUELO DEL DRAGON EL;165;1
2;1;9 DE JULIO;2;3;2017;HAY UNA COSA Y OTROS POEMAS;150;1
2;1;9 DE JULIO;2;3;2017;TODOS JUNTOS 1;390;1
2;1;9 DE JULIO;2;3;2017;METODOLOGIA DE LA INVESTIGACION;1030;1
2;1;9 DE JULIO;2;3;2017;ENTRE NUMERO 6;190;1
2;1;9 DE JULIO;2;3;2017;ENTRE LETRAS 6;190;1
2;1;9 DE JULIO;2;3;2017;ULILULI 3 LOS;500;1
2;1;9 DE JULIO;2;3;2017;SUPER MANUAL 4 -;590;1
2;1;9 DE JULIO;2;3;2017;METODOLOGIA DE LA INVESTIGACION;1030;1
2;1;9 DE JULIO;2;3;2017;KIDS BOX 1 - SB SECOND EDITION;550;1
2;1;9 DE JULIO;2;3;2017;GATO SIN BOTAS 1 EL;450;1
2;1;9 DE JULIO;2;3;2017;MATEMATICA 1 - NUEVO ACTIVADOS;440;1
2;1;9 DE JULIO;2;3;2017;PRINCESA DE LAS PAMPAS LA;225;1
2;1;9 DE JULIO;2;3;2017;LOS ULILULI 2;500;1
2;1;9 DE JULIO;3;3;2017;EXPLORAR EN MATEMATICA 3;330;1
2;1;9 DE JULIO;3;3;2017;GATO SIN BOTAS 3  AREAS INTEGRADAS;450;1
2;1;9 DE JULIO;3;3;2017;KIDS BOX 3 - ACTIVITY BOOK;420;1
2;1;9 DE JULIO;3;3;2017;KIDS BOX 3 -PUPILS BOOK;550;1
2;1;9 DE JULIO;3;3;2017;TRASCENDER LOS NIVELES DE LA CONCIENCIA;370;1
2;1;9 DE JULIO;3;3;2017;CADA CUAL SE DIVIERTE COMO PUEDE;170;1
2;1;9 DE JULIO;3;3;2017;MI LUGAR EN 1;390;1
2;1;9 DE JULIO;3;3;2017;ME LO CONTO UN PAJARITO 2;150;1
2;1;9 DE JULIO;3;3;2017;NEW TREETOPS 1;450;1
2;1;9 DE JULIO;3;3;2017;PSICOANALISTA EL - 10ª EDIC ANIVERSARIO;400;1
2;1;9 DE JULIO;3;3;2017;ARTE DE NO AMARGARSE LA VIDA EL;300;1
2;1;9 DE JULIO;3;3;2017;AMORES POSIBLES;270;1
2;1;9 DE JULIO;3;3;2017;DICCIONARIO BASICO DE LA LENGUA ESPAÑOLA OCEANO;180;1
2;1;9 DE JULIO;3;3;2017;NO DIETA;450;1
2;1;9 DE JULIO;3;3;2017;LIDERAZGO CONSCIENTE EL;330;1
2;1;9 DE JULIO;3;3;2017;ABUELO QUE SALTO POR LA VENTANA Y SE LARGO;345;1
2;1;9 DE JULIO;3;3;2017;PUERTO - MANUAL 4 - 2017;540;1
2;1;9 DE JULIO;3;3;2017;SIGN UP TO ENGLISH STARTER;390;1
2;1;9 DE JULIO;3;3;2017;CIENCIAS SOCIALES 1 - EN LINEA 2015;430;1
2;1;9 DE JULIO;4;3;2017;MI LUGAR EN 3;296;1
2;1;9 DE JULIO;4;3;2017;EL NACIMIENTO DE LA CLINICA;100;1
2;1;9 DE JULIO;4;3;2017;HISTORIA DE LA LOCURA EN LA EPOCA CLASICA TOMO 2;280;1
2;1;9 DE JULIO;4;3;2017;HISTORIA DE LA LOCURA EN LA EPOCA CLASICA TOMO 1;300;1
2;1;9 DE JULIO;4;3;2017;LA ARQUEOLOGIA DEL SABER;100;1
2;1;9 DE JULIO;4;3;2017;EL GRADO CERO DE LA ESCRITURA;100;1
2;1;9 DE JULIO;4;3;2017;FRAGMENTOS DE UN DISCURSO AMOROSO;100;1
2;1;9 DE JULIO;4;3;2017;EL PLACER DEL TEXO Y LECCION INAUGURAL;100;1
2;1;9 DE JULIO;4;3;2017;HISTORIA DE LA SEXUALIDAD 3 - LA INQUIETUD DE SI;100;1
2;1;9 DE JULIO;4;3;2017;PRACTICA DEL LENGUAJE 5 - PUERTO A DIARIO;320;1
2;1;9 DE JULIO;4;3;2017;PUERTO A DIARIO 5 - CIENCIAS SOCIALES;320;1
2;1;9 DE JULIO;4;3;2017;DICCIONARIO DE SINONIMOS Y ANTONIMOS;135;1
2;1;9 DE JULIO;4;3;2017;SABUESO DE LOS BASKERVILLE EL;150;1
2;1;9 DE JULIO;4;3;2017;SIGN UP TO ENGLISH STARTER;390;1
2;1;9 DE JULIO;4;3;2017;MATEMATICA 1 - NUEVO ACTIVADOS;420;1
2;1;9 DE JULIO;4;3;2017;LENGUA Y LITERATURA 1- EN LINEA;430;1
2;1;9 DE JULIO;4;3;2017;QUE CONTAS 1;150;1
2;1;9 DE JULIO;4;3;2017;DICCIONARIO INICIAL;001;1
2;1;9 DE JULIO;4;3;2017;SIGN UP TO ENGLISH STARTER;390;1
2;1;9 DE JULIO;4;3;2017;10 AÑOS CON MAFALDA;230;1
2;1;9 DE JULIO;4;3;2017;ESTE NO ES EL EVANGELIO QUE QUISE OFRECERTE;200;1
2;1;9 DE JULIO;4;3;2017;EXPLORAR EN MATEMATICA 1;330;1
2;1;9 DE JULIO;4;3;2017;KIDS BOX 1 - ACTIVITY BOOK;430;1
2;1;9 DE JULIO;4;3;2017;WHATS UP 1 - 3EDITION;420;1
2;1;9 DE JULIO;4;3;2017;MATEMATICA 1 - CONTEXTOS DIGITALES;350;1
2;1;9 DE JULIO;4;3;2017;BELLA Y LA BESTIA LA - LA NOVELA;250;1
2;1;9 DE JULIO;4;3;2017;CIENCIAS NATURALES 1 - CON TEXTOS DIGITALES;350;1
2;1;9 DE JULIO;4;3;2017;SECUESTRO DE LA HAMBURGUESA;250;1
2;1;9 DE JULIO;4;3;2017;EN LA LINEA RECTA;170;1
2;1;9 DE JULIO;4;3;2017;SMARTY 6;340;1
2;1;9 DE JULIO;4;3;2017;DICCIONARIO DE LA LENGUA ESPAÑOLA;170;1
2;1;9 DE JULIO;4;3;2017;LENGUA PRACTICA DEL LENGUAJE 6 - NODOS;350;1
2;1;9 DE JULIO;4;3;2017;USAR EL CEREBRO;460;1
2;1;9 DE JULIO;4;3;2017;USAR EL CEREBRO;460;1
2;1;9 DE JULIO;4;3;2017;CONVENIO MULTILATERAL 7º EDICION;410;1
2;1;9 DE JULIO;4;3;2017;BLANQUEO Y MORATORIA - COLECCION PRACTICA;590;1
2;1;9 DE JULIO;6;3;2017;ESCUELA DE CATEQUESIS 3 - DANOS SEÑOR TU PERDON Y;260;1
2;1;9 DE JULIO;6;3;2017;EN TIEMPOS DE LAURA OSORIO EL;429;1
2;1;9 DE JULIO;6;3;2017;ME LO CONTO UN PAJARITO 1;150;1
2;1;9 DE JULIO;6;3;2017;ULILULI 3 LOS;500;1
2;1;9 DE JULIO;6;3;2017;SUPER MANUAL 5;590;1
2;1;9 DE JULIO;6;3;2017;DONES DE LA IMPERFECCION LOS;310;1
2;1;9 DE JULIO;6;3;2017;ME LO CONTO UN PAJARITO 1;150;1
2;1;9 DE JULIO;6;3;2017;FORMACION PARA EL TRABAJO SOCIAL;210;1
2;1;9 DE JULIO;6;3;2017;ME LO CONTO UN PAJARITO 1;150;1
2;1;9 DE JULIO;6;3;2017;HOLA SOY BAMBU 1;500;1
2;1;9 DE JULIO;6;3;2017;LETRAMANIA 3 - LA LETRA CURSIVA;180;1
2;1;9 DE JULIO;6;3;2017;MANUAL DE NUMEROLOGIA COMO TRANSITAR LA VIDA;230;1
2;1;9 DE JULIO;6;3;2017;SECRETO DEL SOLSTICIO DE VERANOEL;370;1
2;1;9 DE JULIO;6;3;2017;GREMIO DE LA GORRA;230;1
2;1;9 DE JULIO;6;3;2017;ME LO CONTO UN PAJARITO 2;150;1
2;1;9 DE JULIO;6;3;2017;ME LO CONTO UN PAJARITO 2;150;1
2;1;9 DE JULIO;6;3;2017;HOLA SOY BAMBU 2;500;1
2;1;9 DE JULIO;6;3;2017;VIDA SECRETA DE LOUISE LA;320;1
2;1;9 DE JULIO;6;3;2017;OJOS DE ANGEL;360;1
2;1;9 DE JULIO;6;3;2017;PRINCESA - LIBRO PARA COLOREAR Y ACTIVIDADES;40;1
2;1;9 DE JULIO;6;3;2017;QUE SUCEDE CUANDO ORAMOS POR NUESTRAS FAMILIAS;120;1
2;1;9 DE JULIO;6;3;2017;HOMBRES FUERTES EN TIEMPOS DIFICILES;160;1
2;1;9 DE JULIO;6;3;2017;PREPAREMONOS PARA LA ADOLESCENCIA;50;1
2;1;9 DE JULIO;6;3;2017;FAMILIA CRISTIANA LA;152;1
2;1;9 DE JULIO;6;3;2017;MI LUGAR EN 3;370;1
2;1;9 DE JULIO;6;3;2017;MATEMATICOS DE 5 LOS;320;1
2;1;9 DE JULIO;6;3;2017;ENTRE LETRAS 5;190;1
2;1;9 DE JULIO;6;3;2017;BICIENCIAS 5 - EN MOVIMIENTO;410;1
2;1;9 DE JULIO;7;3;2017;SIGN UP TO ENGLISH STARTER;390;1
2;1;9 DE JULIO;7;3;2017;LENGUA Y LITERATURA I - EN LINEA 2015;430;1
2;1;9 DE JULIO;7;3;2017;CIENCIAS SOCIALES 1 - EN LINEA 2015;430;1
2;1;9 DE JULIO;7;3;2017;MATEMATICA 1 - NUEVO ACTIVADOS;440;1
2;1;9 DE JULIO;7;3;2017;CLARITA  FELIPE MANOLORENATA QUIERE BAÑARSE;150;1
2;1;9 DE JULIO;7;3;2017;MASCOTAS;350;1
2;1;9 DE JULIO;7;3;2017;APRENDIENDO - VOCALES;100;1
2;1;9 DE JULIO;7;3;2017;SUEÑOS DEL YACARE LOS;175;1
2;1;9 DE JULIO;7;3;2017;TODOS LOS DIAS CURSIVA;180;1
2;1;9 DE JULIO;7;3;2017;GEOGRAFIA ESPACIOS GEOGRAFICOS DE AMERICA - CONOCE;390;1
2;1;9 DE JULIO;7;3;2017;BIOLOGIA PARA PENSAR 2 - ORIGEN DIVERSIDAD;410;1
2;1;9 DE JULIO;7;3;2017;CUADERNO DEL MAYA EL;300;1
2;1;9 DE JULIO;7;3;2017;EVITA;620;1
2;1;9 DE JULIO;7;3;2017;ESTRUCTURA Y FUNCIONES DEL DISCURSO;330;1
2;1;9 DE JULIO;7;3;2017;LETRAMANIA 3 - LA LETRA CURSIVA;180;1
2;1;9 DE JULIO;7;3;2017;NEW TREETOPS 3 - SB+WB;450;1
2;1;9 DE JULIO;7;3;2017;PAI PLUS 3;170;1
2;1;9 DE JULIO;7;3;2017;ULILULI 1 LOS - AREAS INTEGRADAS;500;1
2;1;9 DE JULIO;7;3;2017;BICIENCIAS 4 - EN MOVIMIENTO;410;1
2;1;9 DE JULIO;7;3;2017;ELLAS - CEREBRO CORAZON Y PSICOLOGIA DE LA MUJER;380;1
2;1;9 DE JULIO;7;3;2017;DIEZ EN UN BARCO;165;1
2;1;9 DE JULIO;7;3;2017;GUERRA DE SERPIENTES Y OTRAS LEYENDAS AMERICANA;190;1
2;1;9 DE JULIO;7;3;2017;LENGUA PRACTICA DEL LENGUAJE 6 - NODOS;350;2
2;1;9 DE JULIO;8;3;2017;LENGUA Y LITERATURA 7/1 - PROYECTO NODOS;410;1
2;1;9 DE JULIO;8;3;2017;CIENCIAS SOCIALES-PROYECTO NODOS;410;1
2;1;9 DE JULIO;8;3;2017;CIENCIAS NATURALES 1-PROYECTO NODOS;410;1
2;1;9 DE JULIO;8;3;2017;ALL AROUND 3;450;2
2;1;9 DE JULIO;8;3;2017;KIDS BOX 6 - PUPILS BOOK;550;1
2;1;9 DE JULIO;8;3;2017;KIDS BOX 6 - ACTIVITY BOOK;430;1
2;1;9 DE JULIO;8;3;2017;MATEMATICA 2 NUEVO ACTIVADOS;440;1
2;1;9 DE JULIO;8;3;2017;LENGUA Y LITERATURA I - EN LINEA 2015;430;1
2;1;9 DE JULIO;8;3;2017;CIENCIAS NATURALES 4 - PUERTO A DIARIO;320;1
2;1;9 DE JULIO;8;3;2017;ENTRE LETRAS 6;200;1
2;1;9 DE JULIO;8;3;2017;MATEMATICOS DE 6 LOS;330;1
2;1;9 DE JULIO;8;3;2017;BICIENCIAS 6 - EN MOVIMIENTO;400;1
2;1;9 DE JULIO;8;3;2017;BICIENCIAS 6 - EN MOVIMIENTO;410;1
2;1;9 DE JULIO;8;3;2017;ENTRE LETRAS 6;190;1
2;1;9 DE JULIO;8;3;2017;MATEMATICOS DE 6 LOS;330;1
2;1;9 DE JULIO;8;3;2017;HOLA SOY BAMBU 2;400;1
2;1;9 DE JULIO;8;3;2017;MI LUGAR EN 3;370;1
2;1;9 DE JULIO;8;3;2017;LENGUA Y LITERATURA 1 SERIE EN LINEA;410;1
2;1;9 DE JULIO;8;3;2017;LEY DE LA ATRACCION LA;350;1
2;1;9 DE JULIO;8;3;2017;DELINCUENCIA Y DERIVA;295;1
2;1;9 DE JULIO;8;3;2017;ASI ME CUIDO YO;400;1
2;1;9 DE JULIO;8;3;2017;MI LUGAR EN 3;420;2
2;1;9 DE JULIO;8;3;2017;HISTORIAS DE DIVAN - NUEVE RELATOS DE VIDA;180;1
2;1;9 DE JULIO;8;3;2017;LENGUA Y LITERATURA 1 - CONOCER;400;1
2;1;9 DE JULIO;8;3;2017;SOCIOLOGIA DE LA EDUCACION;300;1
2;1;9 DE JULIO;8;3;2017;PSICOLOGIA Y EDUCACION;350;1
2;1;9 DE JULIO;8;3;2017;CABALLO DE FUEGO - CONGO;490;1
2;1;9 DE JULIO;8;3;2017;ENTRE LETRAS 1;230;1
2;1;9 DE JULIO;8;3;2017;MATEMATICA 7/1 -PROYECTO NODOS;410;1
2;1;9 DE JULIO;8;3;2017;ASEDIO EL;600;1
2;1;9 DE JULIO;8;3;2017;VIDA SECRETA DE LOUISE LA;320;1
2;1;9 DE JULIO;8;3;2017;LENGUA Y LITERATURA 1 SERIE EN LINEA;430;1
2;1;9 DE JULIO;8;3;2017;SIGN UP TO ENGLISH STARTER;390;1
2;1;9 DE JULIO;8;3;2017;CIENCIAS SOCIALES 1 - EN LINEA 2015;430;1
2;1;9 DE JULIO;8;3;2017;MATEMATICA 2 NUEVO ACTIVADOS;440;1
2;1;9 DE JULIO;9;3;2017;KIDS BOX 1 - ACTIVITY BOOK;430;1
2;1;9 DE JULIO;9;3;2017;MODELOS DE DEMANDAS SEGUN EL NUEVO CODIGO CIVIL Y;580;1
2;1;9 DE JULIO;9;3;2017;PROTOCOLOS DE LOS SABIOS DE SION LOS;120;1
2;1;9 DE JULIO;9;3;2017;INGENIERIA DE SOFTWARE 9 EDIC;5644;2
2;1;9 DE JULIO;9;3;2017;MANUAL DE INDUSTRIAS DE LOS ALIMENTOS;20667;1
2;1;9 DE JULIO;9;3;2017;CALCULO 2;7636;2
2;1;9 DE JULIO;9;3;2017;VARIABLE COMPLEJA Y APLICACIONES;152554;1
2;1;9 DE JULIO;9;3;2017;REDES DE COMPUTADORAS 5TA EDICION;6557;2
2;1;9 DE JULIO;9;3;2017;ME LO CONTO UN PAJARITO 2;150;1
2;1;9 DE JULIO;9;3;2017;CODIGO CIVIL Y COMERCIAL 2016;550;1
2;1;9 DE JULIO;9;3;2017;SMARTY 2 - ENGLISH FOR PRIMARY SCHOOL;340;1
2;1;9 DE JULIO;9;3;2017;PUERTO MANUAL 5;540;1
2;1;9 DE JULIO;9;3;2017;GATO SIN BOTAS 2;450;1
2;1;9 DE JULIO;9;3;2017;CHANCHO VA !!! TERCERO;400;1
2;1;9 DE JULIO;9;3;2017;LONGMAN DICCIONARIO POCKET ESP-INGL;300;1
2;1;9 DE JULIO;9;3;2017;ANATOMIA HUMANA - T3 - MIEMBROS;1550;1
2;1;9 DE JULIO;9;3;2017;HOLA SOY BAMBU 3;500;1
2;1;9 DE JULIO;9;3;2017;SOY LUNA COMPETENCIA SOBRE RUEDAS;190;1
2;1;9 DE JULIO;9;3;2017;KIDS BOX 1 - SB SECOND EDITION;550;1
2;1;9 DE JULIO;9;3;2017;KIDS BOX 1 - ACTIVITY BOOK;430;1
2;1;9 DE JULIO;9;3;2017;CODIGO CIVIL Y COMERCIAL DE LA NACION 2016;550;1
2;1;9 DE JULIO;9;3;2017;ROJO Y NEGRO;120;1
2;1;9 DE JULIO;9;3;2017;DAVID COPPERFIELD;100;1
2;1;9 DE JULIO;9;3;2017;CUENTOS DE CANTERBURY;100;1
2;1;9 DE JULIO;10;3;2017;SIGN UP TO ENGLISH 1 COURSE BOOK;390;1
2;1;9 DE JULIO;10;3;2017;MANUAL 6 EN MOVIMIENTO;540;1
2;1;9 DE JULIO;10;3;2017;SMARTY 3;340;1
2;1;9 DE JULIO;10;3;2017;PUERTO MANUAL 6;540;1
2;1;9 DE JULIO;10;3;2017;MANUAL DE DATOS PARA INGENIERIA DE LOS ALIMENTOS;4482;2
2;1;9 DE JULIO;10;3;2017;ELEMENTOS DE INGENIERIA DE LAS REACCIONES QUIMICAS;6391;2
2;1;9 DE JULIO;10;3;2017;INTRODUCCION A LA TEORIA GENERAL DE LA ADMINISTRAC;5561;2
2;1;9 DE JULIO;10;3;2017;PRESUPUESTOS PLANIFICACION Y CONTROL;8134;2
2;1;9 DE JULIO;10;3;2017;SMARTY 2 - ENGLISH FOR PRIMARY SCHOOL;340;1
2;1;9 DE JULIO;10;3;2017;MATEMATICA 1 - NUEVO ACTIVADOS;440;1
2;1;9 DE JULIO;10;3;2017;HACER MATEMATICA 5 - NUEVA EDICION 2014;330;1
2;1;9 DE JULIO;10;3;2017;CODIGO PROCESAL PENAL DEL CHACO;150;1
2;1;9 DE JULIO;10;3;2017;CODIGO PENAL DE LA NACION 2016 - BOLSILLO;300;1
2;1;9 DE JULIO;10;3;2017;MATEMATICA 1 - NUEVO ACTIVADOS;440;1
2;1;9 DE JULIO;10;3;2017;CIENCIAS SOCIALES 1 - EN LINEA 2015;430;1
2;1;9 DE JULIO;10;3;2017;LENGUA Y LITERATURA I - EN LINEA 2015;430;1
2;1;9 DE JULIO;10;3;2017;ECONOMIA Y POLITICA EN EL TERCER GOBIERNO DE PERON;180;1
2;1;9 DE JULIO;11;3;2017;POR QUE MOTIVAR A LA GENTE NO FUNCIONA Y QUE SI;288;1
2;1;9 DE JULIO;11;3;2017;SUPER MANUAL 5;590;1
2;1;9 DE JULIO;11;3;2017;SEMIOLOGIA MEDICA 2EDIC;2200;1
2;1;9 DE JULIO;11;3;2017;PASITO A PASITO MULTIPLICACION Y DIVISION;200;1
2;1;9 DE JULIO;11;3;2017;PASITO A PASITO SUMA Y RESTA;200;1
2;1;9 DE JULIO;11;3;2017;PASITO A PASITO - NUMEROS DEL 1 AL 100;200;1
2;1;9 DE JULIO;11;3;2017;CUENTOS PARA PENSAR;270;1
2;1;9 DE JULIO;11;3;2017;GATO SIN BOTAS 1 EL;450;1
2;1;9 DE JULIO;11;3;2017;EN EL PAIS DE LA NUBE BLANCA;465;1
2;1;9 DE JULIO;11;3;2017;HISTORIA - DESDE LAS PRIMERAS SOC - SABER ES CLAVE;360;1
2;1;9 DE JULIO;11;3;2017;CIUDADANIA 1 - CONOCER;403;1
2;1;9 DE JULIO;11;3;2017;GEOGRAFIA ESPACIOS GEOGRAFICOS DE AMERICA - CONOCE;403;1
2;1;9 DE JULIO;11;3;2017;BIOLOGIA PARA PENSAR 2 - ORIGEN DIVERSIDAD;420;1
2;1;9 DE JULIO;11;3;2017;LENGUA Y LITERATURA 1/2 - PROYECTO NODOS;410;1
2;1;9 DE JULIO;11;3;2017;PRACTICA DEL LENGUAJE 6 - PUETO DIARIO;320;1
2;1;9 DE JULIO;11;3;2017;CIENCIA SOCIALES 6 - PUERTO DIARIO;320;1
2;1;9 DE JULIO;11;3;2017;MI LUGAR EN 2;420;1
2;1;9 DE JULIO;11;3;2017;DICCIONARIO INICIAL;001;1
2;1;9 DE JULIO;13;3;2017;HOLA SOY BAMBU 1;500;1
2;1;9 DE JULIO;13;3;2017;ME LO CONTO UN PAJARITO 2;150;1
2;1;9 DE JULIO;13;3;2017;CHANCHO VA !!! TERCERO;400;1
2;1;9 DE JULIO;13;3;2017;APRENDER A LEER;210;1
2;1;9 DE JULIO;13;3;2017;CIENCIAS SOCIALES 1 - EN LINEA 2015;430;1
2;1;9 DE JULIO;13;3;2017;GATO SIN BOTAS 1 EL;450;1
2;1;9 DE JULIO;13;3;2017;AL ENCUENTRO DE JESUS 2;270;1
2;1;9 DE JULIO;13;3;2017;LEE UN CUENTO CONMIGO;490;1
2;1;9 DE JULIO;13;3;2017;SMARTY 3 - ENGLISH PRIMARY;320;1
2;1;9 DE JULIO;13;3;2017;PUERTO MANUAL 6;540;1
2;1;9 DE JULIO;13;3;2017;SEIS PROPUESTAS PARA EL PROXIMO MILENIO;385;1
2;1;9 DE JULIO;13;3;2017;SIGNOS DE FE 6 RELIGION CATOLICA;250;1
2;1;9 DE JULIO;13;3;2017;SIGN UP TO ENGLISH 1 COURSE BOOK;460;1
2;1;9 DE JULIO;13;3;2017;FILOSOFIA - ESA BUSQUEDA REFLEXIVA;340;1
2;1;9 DE JULIO;13;3;2017;COMO ENTRENAR A LA FUERZA DE VOLUNTAD;295;1
2;1;9 DE JULIO;13;3;2017;ENERGIA CUANTICA;390;1
2;1;9 DE JULIO;13;3;2017;UN AMBIENTE EXTRAÑO;200;1
2;1;9 DE JULIO;13;3;2017;CAUSA DE MUERTE;270;1
2;1;9 DE JULIO;13;3;2017;HOLA SOY BAMBU 1;500;1
2;1;9 DE JULIO;13;3;2017;CUENTOS DE TERROR PARA FRANCO 3;120;1
2;1;9 DE JULIO;13;3;2017;TODOS JUNTOS 3;390;1
2;1;9 DE JULIO;13;3;2017;MAGIA DE LA VIDA LA;220;1
2;1;9 DE JULIO;13;3;2017;BUSCANDO A ALASKA;350;1
2;1;9 DE JULIO;13;3;2017;SMARTY 3 - ENGLISH PRIMARY;320;2
2;1;9 DE JULIO;13;3;2017;GUIA DE ESTUDIO - PENAL - PARTE ESPECIAL 2016;420;1
2;1;9 DE JULIO;13;3;2017;DEL CUERPO AL ESPIRITU;240;1
2;1;9 DE JULIO;13;3;2017;PODER DE CAMBIAR EL;310;1
2;1;9 DE JULIO;13;3;2017;ERTE FANTASIA;200;1
2;1;9 DE JULIO;13;3;2017;CAMINO A LA SANACION- SANAR LA MENTE PARA CURAR EL;310;1
2;1;9 DE JULIO;13;3;2017;MATEMATICA 4 - PUERTO A DIARIO;320;1
2;1;9 DE JULIO;13;3;2017;MATEMATICA I;3375;23
2;1;9 DE JULIO;13;3;2017;LENGUA Y LITERATURA 1 SERIE LLAVES;3375;23
2;1;9 DE JULIO;24;3;2017;VIOLENCIA FAMILIAR;395;1
2;1;9 DE JULIO;24;3;2017;VINCULOS EN LA INFANCIA;98;1
2;1;9 DE JULIO;24;3;2017;TUNELES - TUNELES 1;215;1
2;1;9 DE JULIO;24;3;2017;VERONIKA DECIDE MORIR (NVA EDICION 2014);3825;1
2;1;9 DE JULIO;24;3;2017;UN SISTEMA DE DERECHO;264;1
2;1;9 DE JULIO;24;3;2017;VIOLENCIA Y ABUSO EN LA FAMILIA;154;1
2;1;9 DE JULIO;24;3;2017;VIOLENCIA FAMILIAR;395;1
2;1;9 DE JULIO;24;3;2017;UNA CORTE LIBERAL;75;1
2;1;9 DE JULIO;24;3;2017;TRATADO DE DERECHO PROCESAL CIVIL Y COMER TOMO X;1750;1
2;1;9 DE JULIO;24;3;2017;VIOLENCIA DE GENERO FEMICIDIO Y DERECHO PENAL;610;1
2;1;9 DE JULIO;24;3;2017;TESIS TESINAS Y OTROS TRABAJOS JURIDICOS;108;1
2;1;9 DE JULIO;24;3;2017;UNIVERSIDAD Y CONFLICTIVIDAD SOCIAL;200;1
2;1;9 DE JULIO;1;8;2017;SIGN UP 2A;320;1
2;1;9 DE JULIO;1;8;2017;CUANDO ANDES POR LOS ANDES;170;1
2;1;9 DE JULIO;1;8;2017;HISTORIA -AMERICA Y EUROPA SIGLOS XIV A XIX;410;1
2;1;9 DE JULIO;1;8;2017;UN ASUNTO PENDIENTE;260;1
2;1;9 DE JULIO;2;8;2017;AFTER - ANTES DE ELLA - VOL 00;475;1
2;1;9 DE JULIO;2;8;2017;LANDON 1  - TODO POR TI;330;1
2;1;9 DE JULIO;2;8;2017;LANDON AHORA Y SIEMPRE;395;1
2;1;9 DE JULIO;2;8;2017;GEOGRAFIA ESPACIOS GEOGRAFICOS-CONOCER MAS;430;1
2;1;9 DE JULIO;2;8;2017;GUIA DE ESTUDIO - PENAL - PARTE GENERAL;410;1
2;1;9 DE JULIO;2;8;2017;GUIA DE ESTUDIO - PENAL - PARTE ESPECIAL;480;1
2;1;9 DE JULIO;3;8;2017;AMANECERES CAUTIVOS;150;1
2;1;9 DE JULIO;3;8;2017;TE LO DIJE;420;1
2;1;9 DE JULIO;3;8;2017;ALICIA EN EL PAIS DE LAS MARAVILLAS;80;1
2;1;9 DE JULIO;3;8;2017;LEON Y CONEJO - MI PRIMER LIBRO PARA COLOREAR;50;1
2;1;9 DE JULIO;3;8;2017;PRINCESA - LIBRO PARA COLOREAR Y ACTIVIDADES;50;1
2;1;9 DE JULIO;3;8;2017;CLASICOS BRILLANTES;6666;3
2;1;9 DE JULIO;3;8;2017;MATEMATICA FINANCIERA;210;5
2;1;9 DE JULIO;3;8;2017;MY DILEMMA 1;440;1
2;1;9 DE JULIO;3;8;2017;MELODIA DEL TIEMPOLA;430;1
2;1;9 DE JULIO;3;8;2017;MANUAL DE LOS SABERES EN JUEGO 6 - APRENDEMOS;200;1
2;1;9 DE JULIO;4;8;2017;ENTRE LETRAS 4;240;1
2;1;9 DE JULIO;5;8;2017;CUANDO ERA CHICO 1;220;1
2;1;9 DE JULIO;5;8;2017;MUCHAS VIDAS MUCHOS MAESTROS;210;1
2;1;9 DE JULIO;5;8;2017;CUENTOS CLASICOS DE TODO TIEMPO III;500;1
2;1;9 DE JULIO;5;8;2017;CRISPIN SOTO Y EL DIABLO;260;1
2;1;9 DE JULIO;7;8;2017;ALMA AL DIABLOEL;200;1
2;1;9 DE JULIO;7;8;2017;HISTORIA DE UN NIÑO LOBO;220;1
2;1;9 DE JULIO;7;8;2017;GESTION FINANCIERA DE LAS ORGANIZACIONES;500;1
2;1;9 DE JULIO;7;8;2017;NADIE TE CREERIA;200;1
2;1;9 DE JULIO;7;8;2017;DIVINA COMEDIA LA;150;1
2;1;9 DE JULIO;7;8;2017;CASA DE BERNARDA ALBA LA;150;1
2;1;9 DE JULIO;7;8;2017;CUENTOS DE TERROR PARA FRANCO 3;160;1
2;1;9 DE JULIO;7;8;2017;CUADERNO DE TRABAJO - LOS CUATRO ACUERDOS;340;1
2;1;9 DE JULIO;7;8;2017;CUATRO ACUERDOS  LOS;310;1
2;1;9 DE JULIO;7;8;2017;QUINTO ACUERDO EL;380;1
2;1;9 DE JULIO;7;8;2017;CUATRO ACUERDOS LOS - 48 CARTAS;430;1
2;1;9 DE JULIO;8;8;2017;HACER MATEMATICA EN 2°;350;1
2;1;9 DE JULIO;8;8;2017;HACER MATEMATICA EN 3°;350;1
2;1;9 DE JULIO;8;8;2017;HACER MATEMATICA EN 4°;350;1
2;1;9 DE JULIO;8;8;2017;SOLO TRES SEGUNDOS;220;1
2;1;9 DE JULIO;9;8;2017;PRINCESA - LIBRO PARA COLOREAR Y ACTIVIDADES;50;1
2;1;9 DE JULIO;9;8;2017;TEOGONIA LA;6666;1
2;1;9 DE JULIO;9;8;2017;FAUSTO;6666;1
2;1;9 DE JULIO;9;8;2017;PRINCIPE EL;6666;1
2;1;9 DE JULIO;9;8;2017;LO QUE GUARDA UN CARACOL;210;1
2;1;9 DE JULIO;9;8;2017;MATEMATICA FINANCIERA;175;5
2;1;9 DE JULIO;9;8;2017;LO QUE CUENTA LA ESCENA DEL CRIMEN;400;1
2;1;CALLE 3 VENTAS;1;3;2017;BICIENCIAS 6 - EN MOVIMIENTO;410;1
2;1;CALLE 3 VENTAS;1;3;2017;LENGUA Y LITERATURA I - EN LINEA 2015;430;1
2;1;Corrientes;1;3;2017;JARDIN A LA LUZ DE LA LUNA EL;330;1
2;1;Corrientes;1;3;2017;HISTORIA DEL TURF ARGENTINO;290;1
2;1;Corrientes;4;3;2017;PREGUNTADOS - NIÑOS AVENTUREROS;150;1
2;1;Corrientes;4;3;2017;LIBRO SECRETO DE BLANCA NIEVES EL;200;1
2;1;Corrientes;4;3;2017;STAR WARS TESORO CUENTOS CON SONIDOS;550;1
2;1;Corrientes;4;3;2017;TIFFANY - MAGNOLIA TREE;200;1
2;1;Corrientes;4;3;2017;MAGIA DE DISNEY JUNIOR LA;490;1
2;1;Corrientes;4;3;2017;SMARTY 4 - ENGLISH FOR PRIMARY SCHOOL;340;1
2;1;Corrientes;4;3;2017;DICCIONARIO DE LA LENGUA ESPAÑOLA;170;1
2;1;Corrientes;4;3;2017;NEW TREETOPS 2 - CLASS BOOK AND WORBOOK;450;1
2;1;Corrientes;4;3;2017;LENGUA 4 EN MOVIMIENTO;330;1
2;1;Corrientes;4;3;2017;BICIENCIAS 4 - EN MOVIMIENTO;410;1
2;1;Corrientes;6;3;2017;ME LO CONTO UN PAJARITO 2;150;1
2;1;Corrientes;7;3;2017;MI LUGAR EN 3;420;1
2;1;Corrientes;7;3;2017;VUELO DEL DRAGON EL;175;1
2;1;Corrientes;7;3;2017;CIENCIAS NATURALES 6 - PUERTO A DIARIO;320;1
2;1;Corrientes;7;3;2017;RUPERTO AL RESCATE;175;1
2;1;Corrientes;7;3;2017;MATEMATICA 6 - PUERTO A DIARIO;320;1
2;1;Corrientes;7;3;2017;HAY UNA COSA Y OTROS POEMAS;155;1
2;1;Corrientes;9;3;2017;PRINCIPES AZULES TAMBIEN SE DESTIÑEN LOS;370;1
2;1;Corrientes;9;3;2017;STAR WARS VOLI;120;1
2;1;Corrientes;13;3;2017;HOLA SOY BAMBU 2;500;1
2;1;Corrientes;13;3;2017;MISTERIO DEL MAYORDOMO EL;160;1
2;1;Corrientes;13;3;2017;CADA CUAL SE DIVIERTE COMO PUEDE;165;1
2;1;Corrientes;13;3;2017;PEQUEÑOS ARTISTAS 2;200;1
2;1;DISTRIBUIDORA;1;3;2017;BICIENCIAS 6 - EN MOVIMIENTO;410;1
2;1;DISTRIBUIDORA;1;3;2017;ENTRE LETRAS 4;200;1
2;1;DISTRIBUIDORA;1;3;2017;SMARTY 4 - ENGLISH FOR PRIMARY SCHOOL;340;1
2;1;DISTRIBUIDORA;1;3;2017;MISTERIO DEL MAYORDOMO EL;160;1
2;1;DISTRIBUIDORA;1;3;2017;LENGUA 4 EN MOVIMIENTO;330;1
2;1;DISTRIBUIDORA;1;3;2017;CADA CUAL SE DIVIERTE COMO PUEDE;170;1
2;1;DISTRIBUIDORA;1;3;2017;EL VUELO DEL DRAGON;170;1
2;1;DISTRIBUIDORA;1;3;2017;RUPERTO AL RESCATE;170;1
2;1;DISTRIBUIDORA;1;3;2017;HAY UNA COSA Y OTROS POEMAS;150;1
2;1;DISTRIBUIDORA;1;3;2017;OJOS AMARILLOS;150;1
2;1;DISTRIBUIDORA;1;3;2017;MATEMATICA 1 - NUEVO ACTIVADOS;440;1
2;1;DISTRIBUIDORA;1;3;2017;AL ENCUENTRO DE JESUS 2;250;1
2;1;DISTRIBUIDORA;1;3;2017;MATEMATICA 1 - NUEVO ACTIVADOS;440;1
2;1;DISTRIBUIDORA;1;3;2017;SIGN UP TO ENGLISH STARTER;390;1
2;1;DISTRIBUIDORA;1;3;2017;MATEMATICA 1 - NUEVO ACTIVADOS;440;1
2;1;DISTRIBUIDORA;1;3;2017;HOLA SOY BAMBU 2;500;1
2;1;DISTRIBUIDORA;1;3;2017;LENGUA Y LITERATURA I - EN LINEA 2015;430;1
2;1;DISTRIBUIDORA;2;3;2017;MATEMATICA 7/1 -PROYECTO NODOS;410;1
2;1;DISTRIBUIDORA;2;3;2017;GUIA DE ESTUDIO - CONSTITUCIONAL 2016;360;1
2;1;DISTRIBUIDORA;2;3;2017;COLORIN COLORADO 2;150;2
2;1;DISTRIBUIDORA;2;3;2017;CIENCIAS NATURALES 6 - PUERTO A DIARIO;300;1
2;1;DISTRIBUIDORA;2;3;2017;REINA DE LOS CUPCAKES (KYLIE JEAN );150;1
2;1;DISTRIBUIDORA;2;3;2017;REINA DE LA FIESTA ( KYLIE JEAN);150;1
2;1;DISTRIBUIDORA;2;3;2017;BICIENCIAS 6 - EN MOVIMIENTO;410;1
2;1;DISTRIBUIDORA;2;3;2017;BRASIL INTERCULTURAL;230;1
2;1;DISTRIBUIDORA;2;3;2017;HISTORIA  - FINES DE LA EDAD MEDIA COMIENZOS DE LA;430;1
2;1;DISTRIBUIDORA;2;3;2017;KIDS BOX 6 - PUPILS BOOK;560;1
2;1;DISTRIBUIDORA;2;3;2017;BIOLOGIA 2 - ORIGEN Y COMUNIDAD DE LOS SERES VIVOS;410;1
2;1;DISTRIBUIDORA;2;3;2017;FISICA Y QUIMICA 2 - EN LINEA - NES;430;1
2;1;DISTRIBUIDORA;2;3;2017;GEOGRAFIA AMERICA: SOCIEDADES Y ESPACIOS- EN LINE;430;1
2;1;DISTRIBUIDORA;2;3;2017;LENGUA Y LITERATURA 1- EN LINEA;430;1
2;1;DISTRIBUIDORA;2;3;2017;CARPETA DE MATEMATICA II;230;1
2;1;DISTRIBUIDORA;2;3;2017;SIEMPRE AMIGOS;300;1
2;1;DISTRIBUIDORA;2;3;2017;ESPIA LA;400;1
2;1;DISTRIBUIDORA;3;3;2017;ME LO CONTO UN PAJARITO 2;150;1
2;1;DISTRIBUIDORA;3;3;2017;PRINCESA - LIBRO PARA COLOREAR Y ACTIVIDADES;30;2
2;1;DISTRIBUIDORA;3;3;2017;MATEMATICA 1 - NUEVO ACTIVADOS;440;1
2;1;DISTRIBUIDORA;3;3;2017;REVIVAL;460;1
2;1;DISTRIBUIDORA;3;3;2017;CUENTOS DE TERROR PARA FRANCO 3;120;1
2;1;DISTRIBUIDORA;3;3;2017;CUENTOS DE TERROR PARA FRANCO 6;150;1
2;1;DISTRIBUIDORA;3;3;2017;PREGUNTADOS CUERPO HUMANO+12;150;1
2;1;DISTRIBUIDORA;3;3;2017;LA LOCA DE LA CASA;380;1
2;1;DISTRIBUIDORA;3;3;2017;ALIMENTACION SALUDABLE;150;1
2;1;DISTRIBUIDORA;3;3;2017;FUNDAMENTOS DE NUTRICION NORMAL;390;1
2;1;DISTRIBUIDORA;3;3;2017;NEW TREETOPS 1;450;1
2;1;DISTRIBUIDORA;3;3;2017;ENTRE LETRAS 1;230;1
2;1;DISTRIBUIDORA;3;3;2017;HOLA SOY BAMBU 2;500;1
2;1;DISTRIBUIDORA;4;3;2017;VELERO DE CRISTAL  EL;130;1
2;1;DISTRIBUIDORA;4;3;2017;MI PLANTA DE NARANJA LIMA;130;1
2;1;DISTRIBUIDORA;4;3;2017;ENCUENTROS - EL LADO B DEL AMOR;450;1
2;1;DISTRIBUIDORA;6;3;2017;GOLPEADOR UN PERFIL PSICOLOGICO EL;340;1
2;1;DISTRIBUIDORA;6;3;2017;ME LO CONTO UN PAJARITO 2;150;1
2;1;DISTRIBUIDORA;6;3;2017;MI LUGAR EN 1;390;1
2;1;DISTRIBUIDORA;6;3;2017;PEQUEÑOS ARTISTAS 1;200;1
2;1;DISTRIBUIDORA;6;3;2017;INCREIBLE Y TRISTE HISTORIA;200;1
2;1;DISTRIBUIDORA;6;3;2017;SUPER MANUAL 5;590;1
2;1;DISTRIBUIDORA;6;3;2017;CONFIANZA TOTAL PARA TUS HIJOS;470;1
2;1;DISTRIBUIDORA;6;3;2017;MADAMA LA;385;1
2;1;DISTRIBUIDORA;6;3;2017;MANUEL BELGRANO - EL HOMBRE DEL BICENTENARIO;425;1
2;1;DISTRIBUIDORA;7;3;2017;ULILULI 3 LOS;490;1
2;1;DISTRIBUIDORA;7;3;2017;PUERTO - MANUAL 4 - 2017;540;1
2;1;DISTRIBUIDORA;7;3;2017;ME LO CONTO UN PAJARITO 1;150;1
2;1;DISTRIBUIDORA;7;3;2017;PERSONAS DESCONOCIDAS;400;1
2;1;DISTRIBUIDORA;7;3;2017;DICCIONARIO PRACTICO PARA ARGENTINA Y AMERICA LATI;100;1
2;1;DISTRIBUIDORA;8;3;2017;CONSTITUCION DE LA NACION ARGENTINA;80;1
2;1;DISTRIBUIDORA;8;3;2017;MI LUGAR EN 2;390;2
2;1;DISTRIBUIDORA;8;3;2017;HOLA SOY BAMBU 2;500;1
2;1;DISTRIBUIDORA;8;3;2017;MI LUGAR EN 1;390;1
2;1;DISTRIBUIDORA;8;3;2017;MI LUGAR EN 3;390;1
2;1;DISTRIBUIDORA;8;3;2017;RANDOM;350;1
2;1;DISTRIBUIDORA;8;3;2017;ALBINA Y LOS HOMBRES-PERRO;270;1
2;1;DISTRIBUIDORA;8;3;2017;UNA FUERZA PARA EL BIEN;370;1
2;1;DISTRIBUIDORA;8;3;2017;ACTIVIDADES CLAVE I - MATEMATICA;240;1
2;1;DISTRIBUIDORA;8;3;2017;ENTRE LETRAS 1;230;1
2;1;DISTRIBUIDORA;9;3;2017;MANUAL INTERACTIVO FEDERAL 5;440;1
2;1;DISTRIBUIDORA;9;3;2017;SMARTY 2 - ENGLISH FOR PRIMARY SCHOOL;340;1
2;1;DISTRIBUIDORA;9;3;2017;PUERTO MANUAL 5;540;1
2;1;DISTRIBUIDORA;10;3;2017;PUERTO - MANUAL 4 - 2017;540;1
2;1;DISTRIBUIDORA;10;3;2017;MATEMATICA 1 - NUEVO ACTIVADOS;440;1
2;1;DISTRIBUIDORA;10;3;2017;LENGUA Y LITERATURA I - EN LINEA 2015;430;1
2;1;DISTRIBUIDORA;10;3;2017;KIDS BOX 2 - SB SECOND EDITION;550;1
2;1;DISTRIBUIDORA;10;3;2017;HOLA SOY BAMBU 1;500;1
2;1;DISTRIBUIDORA;10;3;2017;VOLVERNOS PADRES;200;1
2;1;DISTRIBUIDORA;10;3;2017;CIENCIA SOCIALES 6 - PUERTO DIARIO;320;1
2;1;DISTRIBUIDORA;10;3;2017;PRACTICA DEL LENGUAJE 6 - PUETO DIARIO;320;1
2;1;DISTRIBUIDORA;13;3;2017;SUPER MANUAL 5;590;1
2;1;DISTRIBUIDORA;13;3;2017;SMARTY 2 - ENGLISH FOR PRIMARY SCHOOL;320;1
2;1;DISTRIBUIDORA;13;3;2017;CIUDADANIA 1 - CONECTA 20;390;1
2;1;DISTRIBUIDORA;13;3;2017;ULILULI 1 LOS - AREAS INTEGRADAS;500;1
2;1;DISTRIBUIDORA;13;3;2017;HISTORIAS INCONSCIENTES ( VIDA AL LIMITE );440;1
2;1;DISTRIBUIDORA;13;3;2017;KAPE Y LUZ 1 - AREAS INTEGRADAS;460;1
2;1;DISTRIBUIDORA;13;3;2017;QUIEN SE HA LLEVADO MI QUESO;210;1
2;1;DISTRIBUIDORA;13;3;2017;MI LUGAR EN 2;390;1
2;1;DISTRIBUIDORA;13;3;2017;MATEMATICA 1 - NUEVO ACTIVADOS;440;1
2;1;DISTRIBUIDORA;13;3;2017;SMARTY 3 - ENGLISH PRIMARY;320;2
2;1;DISTRIBUIDORA;13;3;2017;SMARTY 1;320;1
2;1;DISTRIBUIDORA;1;8;2017;FINALE;375;1
2;1;DISTRIBUIDORA;1;8;2017;CRESCENDO;375;1
2;1;DISTRIBUIDORA;1;8;2017;SILENCIO;375;1
2;1;DISTRIBUIDORA;1;8;2017;CAZADORES;160;1
2;1;DISTRIBUIDORA;1;8;2017;MIS PRIMERAS TAREAS;240;1
2;1;DISTRIBUIDORA;1;8;2017;LETRAMANIA 1 - LA IMPRENTA MAYUSCULA;160;1
2;1;DISTRIBUIDORA;1;8;2017;PRINCESA - LIBRO PARA COLOREAR Y ACTIVIDADES;50;1
2;1;DISTRIBUIDORA;3;8;2017;FRANKENSTEIN;320;1
2;1;DISTRIBUIDORA;4;8;2017;HISTORIAS DE DIVAN - NUEVE RELATOS DE VIDA;200;1
2;1;DISTRIBUIDORA;4;8;2017;USAR EL CEREBRO;460;1
2;1;DISTRIBUIDORA;7;8;2017;CUENTOS DE TERROR PARA FRANCO 8;220;1
2;1;DISTRIBUIDORA;7;8;2017;SIGN UP 2A;320;1
2;1;DISTRIBUIDORA;7;8;2017;PRINCIPIO EL - CON ILUSTRACIONES DEL AUTOR;200;1
2;1;DISTRIBUIDORA;7;8;2017;COSAS DE JIRAFAS;140;1
2;1;DISTRIBUIDORA;7;8;2017;CUANDO ANDES POR LOS ANDES;170;1
2;1;DISTRIBUIDORA;8;8;2017;EDUCACION COMO PRACTICA DE LA LIBERTAD LA;240;1
2;1;DISTRIBUIDORA;8;8;2017;CABALLO DE FUEGO - GAZA 3;490;1
2;1;DISTRIBUIDORA;9;8;2017;TEORIA CONTABLE;300;1
2;1;DISTRIBUIDORA;9;8;2017;ECONOMIA DESCUBIERTA;360;1
2;1;DISTRIBUIDORA;9;8;2017;CIUDADANIA 1 - CONECTA 20;370;1
2;1;FERIA 2;1;3;2017;AL ENCUENTRO DE JESUS 2;250;1
2;1;FERIA 2;13;3;2017;HOLA SOY BAMBU 2;500;1
2;1;FERIA BACKUP;3;3;2017;OFERTA 3 X 200;6666;3
2;1;FERIA BACKUP;3;3;2017;MARTIN FIERRO;100;1
2;1;FERIA BACKUP;3;3;2017;TODOS JUNTOS 1;390;1
2;1;FERIA BACKUP;8;3;2017;HOLA SOY BAMBU 3;500;1
2;1;FERIA BACKUP;13;3;2017;PUERTO MANUAL 6;540;2
2;1;FERIA BACKUP;3;8;2017;SANGRE Y DESEO;430;1
2;1;FRANKLIN;1;3;2017;USAR EL CEREBRO;460;1
2;1;FRANKLIN;1;3;2017;VENAS ABIERTAS DE AMERICA LATINALA (NUEVA ED);350;1
2;1;FRANKLIN;1;3;2017;PIÑATA LA;385;1
2;1;FRANKLIN;1;3;2017;15 ESCALONES DEL LIDERAZGO LOS;355;1
2;1;FRANKLIN;1;3;2017;GRAN BRECHA LA;390;1
2;1;FRANKLIN;1;3;2017;OFERTA B EDICIONES;100;1
2;1;FRANKLIN;7;3;2017;ARGENTINA COLONIAL LA;320;1
2;1;FRANKLIN;11;3;2017;BICIENCIAS 6 - EN MOVIMIENTO;410;1
2;1;FRANKLIN;11;3;2017;LENGUA PRACTICA DEL LENGUAJE 6 - NODOS;350;1
2;1;FRANKLIN;11;3;2017;DIEZ EN UN BARCO;170;1
2;1;FRANKLIN;11;3;2017;GUERRA DE SERPIENTES Y OTRAS LEYENDAS AMERICANA;190;1
2;1;FRANKLIN;13;3;2017;CIUDADANIA 1 - CONECTA 20;390;1
2;1;FRANKLIN;7;8;2017;SOLO TRES SEGUNDOS;220;1
2;1;SAENZ PEÑA;4;3;2017;COMPENDIO DE INFECTOLOGIA;490;1
2;1;SAENZ PEÑA;6;3;2017;TODOS JUNTOS 3;390;1
2;1;SAENZ PEÑA;6;3;2017;MANUAL 6 EN MOVIMIENTO;540;1
2;1;SAENZ PEÑA;10;3;2017;MITOS Y RECUERDOS;190;1
2;1;SARMIENTO;3;3;2017;LENGUA Y LITERATURA 7/1 - PROYECTO NODOS;410;1
2;1;STAND FACULTAD;2;3;2017;LOS ULILULI 2;500;1
2;1;STAND FACULTAD;2;3;2017;ANSIEDAD Y FOBIAS;880;1
2;1;STAND FACULTAD;6;3;2017;ME LO CONTO UN PAJARITO 1;150;1
2;1;STAND FACULTAD;6;3;2017;MI LUGAR EN 1;390;1
2;1;STAND FACULTAD;9;3;2017;PUERTO MANUAL 5;540;1
2;1;STAND FACULTAD;9;3;2017;SMARTY 2 - ENGLISH FOR PRIMARY SCHOOL;340;1
2;1;STAND FACULTAD;9;3;2017;IMPUESTOS EN EL SECTOR DE RECURSOS HUMANOS;325;1
2;1;STAND FACULTAD;9;3;2017;IMPUESTOS EN EL SECTOR DE RECURSOS HUMANOS;325;1
2;2;9 DE JULIO;1;3;2017;MI LUGAR EN 3;370;1
2;2;9 DE JULIO;6;3;2017;MI LUGAR EN 3;420;1
2;2;9 DE JULIO;6;3;2017;CIENCIAS SOCIALES 1 - EN LINEA 2015;430;1
2;2;9 DE JULIO;6;3;2017;HOLA SOY BAMBU 1;500;1
2;2;9 DE JULIO;7;3;2017;MI LUGAR EN 2;390;1
2;2;9 DE JULIO;7;3;2017;COLORIN COLORADO 2;150;1
2;2;9 DE JULIO;10;3;2017;MATEMATICA 1;395;1
2;2;9 DE JULIO;10;3;2017;LENGUA Y LITERATURA 1 SERIE LLAVES;395;1
2;2;9 DE JULIO;10;3;2017;SUPER MANUAL 5;590;1
2;2;9 DE JULIO;13;3;2017;ECONOMIA PRINCIPIOS Y APLICACIONES;1600;1
2;2;DISTRIBUIDORA;3;8;2017;ALMA AL DIABLOEL;200;1
2;2;DISTRIBUIDORA;3;8;2017;JAMON DEL SANGUCHE - ZONA LIBRE;220;1
2;3;9 DE JULIO;8;3;2017;NUEVO COLORIN COLORADO 1;520;1
2;4;9 DE JULIO;8;3;2017;DIVERTIDA FIESTA DE TE DE SOFIA LA;4383;1
2;4;9 DE JULIO;13;3;2017;CHANCHO VA A PRIMERO-AREAS INTEGRADAS;3375;1
2;4;9 DE JULIO;7;8;2017;DICCIONARIO SANTILLANA;120;1
2;4;DISTRIBUIDORA;1;3;2017;MATEMATICA 1 - NUEVO ACTIVADOS;440;1
2;4;DISTRIBUIDORA;5;8;2017;LAZARILLO DE TORMES EL (COLECCION NOGAL);80;1
2;4;DISTRIBUIDORA;5;8;2017;INGENIOSO HIDALGO DON QUIJOTE DE LA MANCHA EL;430;1
2;37;VILLA ANGELA;2;3;2017;DEDO MAGICOEL;170;1
2;37;VILLA ANGELA;2;3;2017;CUIDADO CON EL PERRO;170;1
2;37;VILLA ANGELA;3;3;2017;DEDO MAGICOEL;170;1
2;37;VILLA ANGELA;9;3;2017;HISTORIAS DE DIVAN - NUEVE RELATOS DE VIDA;200;1
2;42;SAENZ PEÑA;9;8;2017;SISTEMA DE DEFENSA DEL CONSUMIDOR;800;1
2;43;9 DE JULIO;2;3;2017;MANUAL DE LOS SABERES EN JUEGO 6 - APRENDEMOS;150;10
2;43;9 DE JULIO;2;3;2017;PARA VOS Y PARA MI CURSIVA;153;4
2;43;9 DE JULIO;6;3;2017;VECINOS MUEREN EN LAS NOVELAS LOS;16405;1
2;43;9 DE JULIO;6;3;2017;VECINOS MUEREN EN LAS NOVELAS LOS;16405;1
2;43;9 DE JULIO;6;3;2017;MANUAL DE LOS SABERES EN JUEGO 6 - APRENDEMOS;150;10
2;43;9 DE JULIO;6;3;2017;ME LO CONTO UN PAJARITO 2;150;1
2;43;9 DE JULIO;8;3;2017;CIENCIAS NATURALES 1 - CON TEXTOS DIGITALES;305;1
2;43;9 DE JULIO;8;3;2017;MANUAL DE LOS SABERES EN JUEGO 6 - APRENDEMOS;150;10
2;56;CHARATA;9;3;2017;CODIGO PROCESAL CIVIL Y COMERCIAL DE LA NACION;160;1
2;56;CHARATA;9;3;2017;CODIGO CIVIL Y COMERCIAL 2016;500;1
2;56;CHARATA;9;3;2017;CODIGO PENAL DE LA NACION ARGENTINA COMENTARIOS Y;500;1
2;197;DISTRIBUIDORA;11;3;2017;CODIGO PENAL DE LA NACION 2016 - BOLSILLO;250;1
2;197;DISTRIBUIDORA;11;3;2017;REGIMEN DE CONCURSO Y QUIEBRAS - LEY 24522;1050;1
3;0;Corrientes;9;3;2017;VIGILAR Y CASTIGAR;370;1
3;0;Corrientes;9;3;2017;SOY LUNA COMPETENCIA SOBRE RUEDAS;190;1
3;0;Corrientes;9;3;2017;WIGETTA Y EL BACULO DORADO;400;1
3;2;Corrientes;6;3;2017;DICCIONARIO DE SINONIMOS Y ANTONIMOS;140;1
3;2;Corrientes;6;3;2017;GATO SIN BOTAS 3  AREAS INTEGRADAS;450;1
3;2;Corrientes;6;3;2017;EXPLORAR EN MATEMATICA 3;330;1
3;2;Corrientes;6;3;2017;DICCIONARIO SANTILLANA;110;1
3;2;Corrientes;6;3;2017;CHANCHO VA !!! TERCERO;400;1
3;158;9 DE JULIO;3;3;2017;CIENCIAS SOCIALES-PROYECTO NODOS;410;1
3;158;9 DE JULIO;3;3;2017;LENGUA Y LITERATURA 7/1 - PROYECTO NODOS;410;1
3;158;9 DE JULIO;3;3;2017;CIENCIAS NATURALES 1-PROYECTO NODOS;410;1
3;158;9 DE JULIO;7;3;2017;BHAGAVAD GITA - EL CANTO DEL SEÑOR;190;1
3;158;9 DE JULIO;13;3;2017;MATEMATICA 7/1 -PROYECTO NODOS;410;1
3;158;Corrientes;9;3;2017;HOLA SOY BAMBU 2;500;1
3;158;Corrientes;9;3;2017;ENTRE LETRAS 4;200;1
3;158;Corrientes;13;3;2017;VENAS ABIERTAS DE AMERICA LATINA LAS;150;10
3;158;Corrientes;13;3;2017;MATEMATICA FINANCIERA;175;2
3;158;Corrientes;13;3;2017;CUENTOS DE TERROR PARA FRANCO 2;60;5
3;158;Corrientes;13;3;2017;CUENTOS DE TERROR PARA FRANCO 4;75;5
3;158;Corrientes;1;8;2017;DESAFIANDO IMPOSIBLE - 7 PASOS PARA DERRIBAR OBST;530;1
3;158;Corrientes;9;8;2017;CUENTOS DE TERROR PARA FRANCO 1;80;3
3;158;Corrientes;9;8;2017;HISTORIA DE UN NIÑO LOBO;110;9
3;158;Corrientes;9;8;2017;CUENTOS DE TERROR PARA FRANCO 3;80;3
3;158;Corrientes;9;8;2017;CUENTOS DE TERROR PARA FRANCO 2;80;3
3;158;Corrientes;9;8;2017;CUENTOS DE TERROR PARA FRANCO 5;110;3
4;173;9 DE JULIO;3;3;2017;DICCIONARIO OXFORD POCKET ESPAÑOL/INGLES-INGL/ESPA;1408;2
4;173;9 DE JULIO;3;3;2017;DICCIONARIO SANTILLANA;768;5
4;173;9 DE JULIO;3;3;2017;DICCIONARIO DE SINONIMOS Y ANTONIMOS;864;5
4;173;9 DE JULIO;3;3;2017;DICCIONARIO ESPAÑOL - INGLES;224;1
4;173;9 DE JULIO;3;3;2017;DICCIONARIO PRACTICO ESPAÑOL-INGLES OCEANO;1408;2
4;173;9 DE JULIO;3;3;2017;LONGMAN DICCIONARIO POCKET ESP-INGL;2304;1
4;173;9 DE JULIO;3;3;2017;DICCIONARIO BILINGUE - INGLES- ESPAÑO - POCKET;864;5
4;173;9 DE JULIO;3;3;2017;YO ACUSO;315;1
4;173;9 DE JULIO;6;3;2017;CLASICOS BRILLANTES;32;10
4;173;9 DE JULIO;6;3;2017;CLASICOS BRILLANTES;25;67
4;173;9 DE JULIO;8;3;2017;HOWDY FRIENDS 2 COURSE BOOK;14365;4
4;173;9 DE JULIO;8;3;2017;DICCIONARIO BILINGUE - INGLES- ESPAÑO - POCKET;945;5
4;173;9 DE JULIO;8;3;2017;RUMOR DE LA CARACOLA EL;315;1
4;173;9 DE JULIO;8;3;2017;HOWDY FRIENDS 2 COURSE BOOK;14365;1
4;173;9 DE JULIO;8;3;2017;LENGUA Y LITERATURA 1 - NUEVAS MIRADAS;450;1
4;173;9 DE JULIO;10;3;2017;HOMBRE DE LOS PIES MURCIELAGO;14875;1
4;173;9 DE JULIO;10;3;2017;FUNDAMENTOS DE VALORACION NUTRICIONAL Y COMPOSICIO;246;1
4;173;9 DE JULIO;3;8;2017;ORGASMO TANTRICO PARA MUJERES;1925;1
4;173;9 DE JULIO;3;8;2017;KAMA SUTRA;80;1
4;173;9 DE JULIO;3;8;2017;SELECCION MINILIBROS;15;69
4;173;9 DE JULIO;3;8;2017;MASAJE TANTRICO EL - O EL DESPERTAR DE LOS SENTID;2425;1
6;0;9 DE JULIO;6;3;2017;ME LO CONTO UN PAJARITO 1;150;1
6;0;9 DE JULIO;6;3;2017;MI LUGAR EN 3;420;1
6;0;9 DE JULIO;6;3;2017;NUEVO ABREMUNDOS 1;150;1
6;0;9 DE JULIO;6;3;2017;MI LUGAR EN 1;420;1
6;0;9 DE JULIO;6;3;2017;DICCIONARIO INICIAL;001;3
6;0;9 DE JULIO;6;3;2017;MI LUGAR EN 2;420;1
7;168;Corrientes;2;3;2017;PENSAR RAPIDO PENSAR DESPACIO;580;1
7;168;DISTRIBUIDORA;7;3;2017;CUENTOS DE TERROR PARA FRANCO 4;75;20
7;168;DISTRIBUIDORA;7;3;2017;CUENTOS DE TERROR PARA FRANCO 7;85;20
7;168;DISTRIBUIDORA;7;3;2017;CUENTOS DE TERROR PARA FRANCO 2;60;40
7;168;DISTRIBUIDORA;7;3;2017;CUENTOS DE TERROR PARA FRANCO 5;75;20
7;168;DISTRIBUIDORA;9;8;2017;CUENTOS DE TERROR PARA FRANCO 5;88;3
7;168;DISTRIBUIDORA;9;8;2017;CUENTOS DE TERROR PARA FRANCO 2;64;3
7;168;DISTRIBUIDORA;9;8;2017;CUENTOS DE TERROR PARA FRANCO 1;64;10
7;168;DISTRIBUIDORA;9;8;2017;CUENTOS DE TERROR PARA FRANCO 8;88;3
7;168;DISTRIBUIDORA;9;8;2017;CUENTOS DE TERROR PARA FRANCO 6;88;3
7;168;DISTRIBUIDORA;9;8;2017;CUENTOS DE TERROR PARA FRANCO 7;88;3
7;168;DISTRIBUIDORA;9;8;2017;CUENTOS DE TERROR PARA FRANCO 3;64;3
9;185;9 DE JULIO;4;3;2017;SONRISA DE MANDELA LA;350;1
9;185;9 DE JULIO;4;3;2017;ELLAS - CEREBRO CORAZON Y PSICOLOGIA DE LA MUJER;380;1
9;185;9 DE JULIO;4;3;2017;CEREBRO ARGENTINO EL;460;1